Description,Price,Rating,Url
"Lenovo Q-Series 24 Inch (60.5Cm) 1920x1080 Pixels FHD IPS Monitor | Height Adjustment, 2X3W Speakers, 75Hz, AMD FreeSync, HDMI, DP, Smart Display Customization, Raven Black","₹11,499",4.4 out of 5 stars,https://www.amazon.com/sspa/click?ie=UTF8&spc=MTo3NDA5ODMxNDQxNDczNjY5OjE2OTg4MTM5NjM6c3BfYXRmOjMwMDA2NzYzODUyMTkzMjo6MDo6&url=%2FLenovo-Adjustment-Speakers-Customization-Certified%2Fdp%2FB0B4SVJNRW%2Fref%3Dsr_1_1_sspa%3Fkeywords%3Dbig%2BMonitor%26qid%3D1698813963%26sr%3D8-1-spons%26sp_csd%3Dd2lkZ2V0TmFtZT1zcF9hdGY%26psc%3D1
"Amazon Basics 23.8 inches IPS Monitor with Borderless Design, FHD 1920 x 1080 Pixels, 16.7 M Colors, with inbuilt Speakers, HDMI & DP Port Connectivity (Black)","₹7,299",4.3 out of 5 stars,https://www.amazon.com/sspa/click?ie=UTF8&spc=MTo3NDA5ODMxNDQxNDczNjY5OjE2OTg4MTM5NjM6c3BfYXRmOjMwMDA0OTA4Mzg1MDgzMjo6MDo6&url=%2FMonitor-Borderless-inbuilt-Speakers-Connectivity%2Fdp%2FB0BSWGDHD7%2Fref%3Dsr_1_2_sspa%3Fkeywords%3Dbig%2BMonitor%26qid%3D1698813963%26sr%3D8-2-spons%26sp_csd%3Dd2lkZ2V0TmFtZT1zcF9hdGY%26psc%3D1
"Acer EB321HQ 31.5 Inch (80.01 Cm) IPS Full HD (1920 x 1080) Pixels LCD Monitor with LED Backlight I 300 Nits Brightness I HDMI, VGA Ports I Eye Care Features, Blue Light Filter, Flickerless (Black)","₹11,999",4.0 out of 5 stars,https://www.amazon.com/Acer-Backlight-Brightness-Features-Flickerless/dp/B07FRQC89V/ref=sr_1_3?keywords=big+Monitor&qid=1698813963&sr=8-3
"ZEBRONICS AC32FHD LED Curved 75Hz 80Cm (32"") (81.28 Cm) 1920x1080 Pixels FHD Resolution Monitor with HDMI + VGA Dual Input, Built-in Speaker, Max 250 Nits Brightness, Black","₹12,999",3.7 out of 5 stars,https://www.amazon.com/Zebronics-1920x1080-Resolution-Facility-Brightness/dp/B09XK4GCY1/ref=sr_1_4?keywords=big+Monitor&qid=1698813963&sr=8-4
"Acer HA270 27 Inch (68.58 Cm) 1920 X 1080 Pixels, Full HD IPS LCD Monitor with LED Back Light Technology I Ultra Slim, 6.6mm Thick Frameless Design AMD Free Sync Monitor (White)","₹9,999",4.3 out of 5 stars,https://www.amazon.com/Acer-HA270-Awmi-27-inch-Monitor/dp/B07JD7GKJP/ref=sr_1_5?keywords=big+Monitor&qid=1698813963&sr=8-5
Acer XZ396Q 38.5 Inch (97.79 Cm) 2560 x 1440 Pixels Led 3000R Curve WQHD VA Panel LCD Monitor with LED Back Light Technology I 1 MS VRB I 170 Hz I HDR 400 I Dci-P3 93% I 2 x HDMI 2 x DP I White,"₹31,299",4.3 out of 5 stars,https://www.amazon.com/Acer-XZ396Q-Monitor-Speakers-Features/dp/B09RZR8YKQ/ref=sr_1_6?keywords=big+Monitor&qid=1698813963&sr=8-6
"LG 87 cm (34 Inches) UltraWide Full HD (2560 x 1080) Pixels Display - HDR 10, AMD Free sync, IPS with sRGB 95%, Multitasking, Flicker Safe, Reader Mode, HDMI, Headphone Out and Gaming Monitor-34WP500","₹23,899",4.2 out of 5 stars,https://www.amazon.com/LG-Inches-UltraWide-Full-Display/dp/B0B2JWY3B6/ref=sr_1_7?keywords=big+Monitor&qid=1698813963&sr=8-7
"LG 29"" (73CM) UltraWide™ 21:9 WFHD LCD 2560 X 1080 Pixels IPS Display Monitor- HDR 10, AMD Freesync, Srgb 99%, Slim Bezel, Multitasking Monitor, Hdmi X 2, 29WL500 (Black)","₹15,299",4.3 out of 5 stars,https://www.amazon.com/LG-UltraWide-73-inch-Multitasking/dp/B09GW992N6/ref=sr_1_8?keywords=big+Monitor&qid=1698813963&sr=8-8
"Samsung 27-inch(68.60cm) FHD 1,920 x 1,080 Monitor, IPS, 75 Hz, Bezel Less Design, AMD FreeSync, Flicker Free, HDMI, D-sub, (LS27C310EAWXXL, Black)","₹10,999",4.3 out of 5 stars,https://www.amazon.com/Samsung-27-inch-68-60cm-FreeSync-LS27C310EAWXXL/dp/B0BZDBST9F/ref=sr_1_9?keywords=big+Monitor&qid=1698813963&sr=8-9
"LG 43"" Ultrafine™ Smart Monitor UHD 4K IPS (3840 * 2160), HDR 10, Wireless Connectivity, webOS, AirPlay 2, USB Type-C (65W PD), Speakers 10WX2, Magic Remote, HDMIx2, DP, HP Out, 43SQ700 (White)","₹31,999",3.5 out of 5 stars,https://www.amazon.com/LG-UltrafineTM-Wireless-Connectivity-Speakers/dp/B0C8JLD86D/ref=sr_1_10?keywords=big+Monitor&qid=1698813963&sr=8-10
"MSI G2412 Esports Gaming Monitor 23.8 Inch Full HD (1920x1080) IPS Panel 170Hz Refresh Rate 1ms Wide Color Gamut, AMD FreeSync Premium, Anti Glare, Less Blue Light, VESA Mount Black","₹9,999",4.5 out of 5 stars,https://www.amazon.com/sspa/click?ie=UTF8&spc=MTo3NDA5ODMxNDQxNDczNjY5OjE2OTg4MTM5NjM6c3BfbXRmOjMwMDAxNTU2ODg1NzIzMjo6MDo6&url=%2FMSI-Esports-Monitor-1920x1080-FreeSync%2Fdp%2FB0BNGP36KY%2Fref%3Dsr_1_11_sspa%3Fkeywords%3Dbig%2BMonitor%26qid%3D1698813963%26sr%3D8-11-spons%26sp_csd%3Dd2lkZ2V0TmFtZT1zcF9tdGY%26psc%3D1
"MSI PRO MP241X 24-Inch Full HD Computer Monitor - Professional LED Monitor with 75Hz Refresh Rate, Anti-Glare & Anti-Flicker Technology PC Monitor for Desktop (Black)","₹6,398",4.4 out of 5 stars,https://www.amazon.com/sspa/click?ie=UTF8&spc=MTo3NDA5ODMxNDQxNDczNjY5OjE2OTg4MTM5NjM6c3BfbXRmOjMwMDAxNTQ3MzA0MDgzMjo6MDo6&url=%2FMSI-PRO-MP241X-Professional-Anti-Flicker%2Fdp%2FB0BBRF9M4F%2Fref%3Dsr_1_12_sspa%3Fkeywords%3Dbig%2BMonitor%26qid%3D1698813963%26sr%3D8-12-spons%26sp_csd%3Dd2lkZ2V0TmFtZT1zcF9tdGY%26psc%3D1
Acer SA241YH 23.8 Inch Full HD VA Panel Ultra Thin LCD Monitor with LED Back Light I 100 Hz Refresh I 1 MS VRB I Frameless I AMD Free Sync I Eye Care Features I VGA & HDMI I Stereo Speakers (Black),"₹6,999",4.2 out of 5 stars,https://www.amazon.com/Acer-SA241YH-Frameless-Features-Speakers/dp/B0C7LHXJYB/ref=sr_1_13?keywords=big+Monitor&qid=1698813963&sr=8-13
"HP M24f 23.8-Inch(60.45cm) Eye Safe Certified Full HD 1920 x 1080 Pixels IPS 3-Sided Micro-Edge LED Monitor, 75Hz, AMD Free Sync with 1xVGA, 1xHDMI 1.4 Ports, 300 nits Silver","₹11,499",4.3 out of 5 stars,https://www.amazon.com/HP-M24f-23-8-Inch-Micro-Edge-Monitor/dp/B09535DPLC/ref=sr_1_14?keywords=big+Monitor&qid=1698813963&sr=8-14
"LG 49"" Curved Ultragear™ Dual QHD (5120 x 1440) @1ms, 240Hz Gaming Monitor with Vesa DisplayHDR 1000, Premium Gaming Display, AMD FreeSync™, DCI-P3 95% (Typ.), HDMI, DP, Speakers, 49GR85DC (Black)","₹1,15,000",5.0 out of 5 stars,https://www.amazon.com/LG-UltragearTM-DisplayHDR-FreeSyncTM-Speakers/dp/B0C8JLSDS4/ref=sr_1_15?keywords=big+Monitor&qid=1698813963&sr=8-15
"Samsung 34-inch(86.4cm) LED 3440 x 1440 Pixels 2K WQHD, Curved Monitor, 21:9 Ultrawide, PBP, PIP, 100Hz, QLED, Thunderbolt 3 Port (LC34J791WTWXXL, Gray)","₹64,499",4.1 out of 5 stars,https://www.amazon.com/Samsung-Monitor-Ultrawide-Thunderbolt-LC34J791WTWXXL/dp/B07TVDMT91/ref=sr_1_16?keywords=big+Monitor&qid=1698813963&sr=8-16
"Acer CB342CK 34 Inch (86.36 Cm) IPS Ultrawide (21:9) QHD 3440 X 1440 Pixels LCD Monitor with LED Backlight I AMD Radeon Freesync I HDR Ready, 1MS VRB I 75Hz Refresh | (Silver)","₹27,990",4.0 out of 5 stars,https://www.amazon.com/Acer-CB342CK-UltraWide-FREESYNC-Technology/dp/B09LD6HV1Q/ref=sr_1_17?keywords=big+Monitor&qid=1698813963&sr=8-17
"Acer EK240Y H 23.8 Inch (60.4 cm) Full HD (1920x1080) VA Panel LCD Monitor with LED Back Light I 1 MS VRB, 100Hz Refresh Rate I 250 Nits I HDMI & VGA Ports with HDMI Cable I Eye Care Features (Black)","₹6,399",4.2 out of 5 stars,https://www.amazon.com/Acer-1920x1080-Monitor-Refresh-Features/dp/B0C8ZFTW3D/ref=sr_1_18?keywords=big+Monitor&qid=1698813963&sr=8-18
"Acer EK220Q 21.5 Inch (54.61 cm) Full HD (1920x1080) Pixels VA Panel LCD Monitor with LED Back Light I 1 MS VRB, 100Hz Refresh I 250 Nits I HDMI & VGA Ports with HDMI Cable I Eye Care Features (Black)","₹5,699",4.2 out of 5 stars,https://www.amazon.com/Acer-1920x1080-Monitor-Refresh-Features/dp/B0BXP3CP9K/ref=sr_1_19?keywords=big+Monitor&qid=1698813963&sr=8-19
"Samsung 24-inch(59.8cm) FHD, 75 Hz, 1800R Curved 1,920 x 1,080 Monitor, VA Panel, Slim Design, AMD FreeSync, Game Mode, Flicker Free, HDMI, Audio Port (LS24C360EAWXXL, Black)","₹7,999",4.4 out of 5 stars,https://www.amazon.com/Samsung-24-inch-Monitor-FreeSync-LS24C360EAWXXL/dp/B0C4YMKNNZ/ref=sr_1_20?keywords=big+Monitor&qid=1698813963&sr=8-20
MSI G32CQ4 E2 31.5 Inch WQHD (2560 x 1440px) 170Hz 1ms AMD FreeSync Premium Anti Flicker Low Blue Light HDR Ready Curved Gaming™ Monitor,"₹19,799",4.3 out of 5 stars,https://www.amazon.com/sspa/click?ie=UTF8&spc=MTo3NDA5ODMxNDQxNDczNjY5OjE2OTg4MTM5NjM6c3BfYnRmOjMwMDA4MDcyMTg5ODAzMjo6MDo6&url=%2FMSI-FreeSync-Premium-Flicker-GamingTM%2Fdp%2FB0BNGLSRPW%2Fref%3Dsr_1_21_sspa%3Fkeywords%3Dbig%2BMonitor%26qid%3D1698813963%26sr%3D8-21-spons%26sp_csd%3Dd2lkZ2V0TmFtZT1zcF9idGY%26psc%3D1
"MSI Modern MD271UL 27 Inch 4K UHD Professional Productivity Monitor 3840 x 2160 IPS Panel, Eye-Friendly Screen, 99% DCI-P3 / 139% sRGB Colour Gamut - 2 x HDMI 2.0b, DP 1.2a, USB Type-C (65W PD)","₹32,999",4.4 out of 5 stars,https://www.amazon.com/sspa/click?ie=UTF8&spc=MTo3NDA5ODMxNDQxNDczNjY5OjE2OTg4MTM5NjM6c3BfYnRmOjMwMDA4MDc0NjU4MzQzMjo6MDo6&url=%2FMSI-MD271UL-Professional-Productivity-Eye-Friendly%2Fdp%2FB0BSNM5D7H%2Fref%3Dsr_1_22_sspa%3Fkeywords%3Dbig%2BMonitor%26qid%3D1698813963%26sr%3D8-22-spons%26sp_csd%3Dd2lkZ2V0TmFtZT1zcF9idGY%26psc%3D1
